feature,CD,HYP,MI,NORM,STTC,mean_importance,feature_type
lead2_skew,14.605356627572279,0.03325298122669052,0.3508082285915547,4.046682024980975,0.047280539432094114,3.816676080360719,baseline
clinical_lead7_st_slope_mean,12.7601165923129,0.38055450110525646,0.22386932060952205,4.123442937788889,0.23163175400850525,3.543923021165014,clinical
age,1.3260657211098719,2.4391521759141757,3.2006245393167614,4.058998996481766,1.236410947778244,2.452250476120164,baseline
clinical_lead4_t_amp_mean,0.0,0.7191865373796391,1.088211104676853,3.6078186707449227,6.167148845482457,2.3164730316567743,clinical
clinical_lead8_qrs_max_mean,0.0,0.06049626243658672,7.821012627058021,2.3601699762821204,0.040102818886531985,2.056356336932652,clinical
clinical_lead11_t_amp_mean,0.0,0.7034317550938429,0.3679529936826772,3.200069544572362,4.2287372131004854,1.7000383012898734,clinical
clinical_lead1_t_amp_mean,0.650610698408439,0.6770781426614183,1.2884537812087735,2.422544328989759,3.313953905435919,1.6705281713408617,clinical
clinical_sokolow_lyon_voltage,0.0,6.445761992026437,0.07945866370827395,1.5094612616174383,0.055776099014961514,1.618091603273422,clinical
clinical_t_inversion_global_ratio,0.2964017795348173,0.6092472115296096,1.1224117458209304,3.1793563791073227,2.8344895939592014,1.6083813419903763,clinical
clinical_lead12_t_amp_mean,0.34329483757619217,1.1645463065719914,0.6499851072797335,2.40403956514524,3.2784148198624887,1.5680561272871292,clinical
clinical_lead12_t_inversion_ratio,0.3129573230628452,2.0366600264203467,0.24969469247633833,1.914694435078145,2.277834882580294,1.3583682719235939,clinical
clinical_lead8_st_slope_mean,3.9583212620843335,0.03931563962981363,0.5883628393790981,1.06348143673279,0.0601797055170694,1.141932176668621,clinical
clinical_lead3_q_depth_mean,0.07886123648343349,0.13407755718123876,3.8985045361364254,1.4700447451357492,0.0,1.1162976149873693,clinical
clinical_lead2_q_width_mean_ms,2.4871095603400484,0.7286063849815971,0.27305112487324734,1.1516193796019587,0.8410053017492657,1.0962783503092235,clinical
clinical_lead12_st_slope_mean,0.971379035101323,0.7121159842130842,0.632756060167886,1.5687936149065653,1.5055890428994316,1.0781267474576581,clinical
clinical_lead9_qrs_max_mean,0.0,0.10052248559290264,3.872385418790009,0.4898108726636326,0.19220604759792595,0.930984964928894,clinical
heart_axis_enc,3.1746412918381135,0.1335478241505199,0.0,0.9132141669220621,0.31674232148465525,0.9076291208790701,baseline
lead12_hf2_energy,0.18940635698448519,3.3069190633160934,0.0941462082058489,0.5781312423408068,0.19548694731509456,0.8728179636324658,baseline
clinical_lead10_t_amp_mean,0.0,0.07353767943780705,0.7016406439622838,1.591736724969787,1.8434501693046728,0.84207304353491,clinical
clinical_lead12_q_width_mean_ms,1.8352535243254986,0.0,0.14676497940366753,1.3321934214984048,0.8313026299626324,0.8291029110380407,clinical
clinical_t_amp_global_mean,0.09511556236618388,0.5287662255431085,0.6624942410468465,0.8919380500317136,1.9489401582764077,0.8254508474528521,clinical
clinical_lead11_q_width_mean_ms,0.4699940366721518,0.16690183305625078,0.23762398815719676,0.8070236106447058,2.0478494368846385,0.7458785810829888,clinical
clinical_lead1_t_inversion_ratio,0.20408136676320238,0.20257417906551908,0.5994100886411743,1.067078979211331,1.6381840845180669,0.7422657396398588,clinical
lead4_skew,1.4664763361890407,0.6684827117764484,0.24033371595817613,0.3229839651724516,1.001624467429941,0.7399802393052115,baseline
lead3_hf2_energy,0.7733301914360772,0.05259289772163454,1.1877780516071317,1.4876671641927315,0.12983342036549966,0.726240345064615,baseline
corr_I_II,1.7992596045274787,0.0,1.212597784826965,0.4242606821876368,0.0,0.6872236143084162,baseline
clinical_lead4_st_slope_mean,1.281986936192239,0.21602981418775863,0.08923933023232716,0.5116716739579672,1.26155208133945,0.6720959671819484,clinical
clinical_lead6_st_slope_mean,2.309790134642315,0.30250039019908576,0.2013590678668189,0.2502679147123259,0.12900529242786976,0.6385845599696831,clinical
heart_axis_NO_DATA,2.015875986052047,0.0,0.37015646760176174,0.12747210517433316,0.4601862363316023,0.5947381590319489,baseline
lead7_spec_entropy,1.66641424588728,0.23078197664273972,0.5657937142562224,0.0,0.5016143158672011,0.5929208505306885,baseline
clinical_lead1_st_slope_mean,1.2792874036370083,0.5696556490258049,0.0968701529881639,0.437100475415606,0.535083145469926,0.5835993653073018,clinical
lead10_dom_freq,0.0,0.12915107403046178,0.053777631160768107,0.12402572752045134,2.556142642505644,0.5726194150434651,baseline
clinical_lead4_q_width_mean_ms,1.6492044033154127,0.08218610174109932,0.23666656925417234,0.6139200725574042,0.2760249127697227,0.5716004119275622,clinical
clinical_lead6_q_depth_mean,0.0,0.0,2.450234894971012,0.1351778013840136,0.23048581375395374,0.5631797020217959,clinical
clinical_lead6_q_r_ratio_mean,0.0,0.13339025955462158,1.8977823790179749,0.5776046427669063,0.14894056536142758,0.551543569340186,clinical
clinical_lead1_q_width_mean_ms,0.10088870206963264,0.08913607327535283,0.7011010245895714,1.1061891469471377,0.6908561976763778,0.5376342289116145,clinical
clinical_lead11_t_inversion_ratio,0.03986438287231861,0.4323909993880296,0.6759099785190783,0.887627262215853,0.6452416655803613,0.5362068577151281,clinical
clinical_lead11_st_deviation_mean,0.2036985416294438,0.7076712227543168,0.12359300183208985,0.37255346211176965,1.259342996479829,0.5333718449614898,clinical
clinical_lead6_qrs_min_mean,0.9562718965040978,0.30646652279712494,0.3915845387592213,0.9408132063025573,0.0,0.5190272328726002,clinical
clinical_qrs_global_ptp_mean,0.0,1.6600222312818722,0.08140011852632976,0.22825335598375787,0.5357956311580954,0.5010942673900111,clinical
clinical_lead4_qrs_max_mean,1.2846973720130221,0.04783912516665851,0.2677546169104702,0.6250731155711496,0.2667865745311826,0.49843016083849656,clinical
clinical_lead9_q_depth_mean,0.0,0.36074541557692796,0.882093342877394,1.1699747249540287,0.05183694065934639,0.49293008481353934,clinical
clinical_lead2_st_slope_mean,0.9059155113155057,0.21732715450460477,0.14499961125875005,0.508743550932974,0.6179221439374679,0.47898159438986043,clinical
lead11_spec_entropy,0.9119389519783793,0.4512709974246054,0.2830396608263361,0.18715763937299407,0.48842564601729127,0.4643665791239212,baseline
clinical_lead10_st_slope_mean,1.938296285708517,0.06409607912446008,0.0,0.05696611869281283,0.2582030493159172,0.4635123065683414,clinical
clinical_lead12_st_deviation_mean,0.0,1.1292037982618157,0.04728685857180749,0.14121345732251137,0.9988208413761526,0.46330499110645745,clinical
clinical_lead9_st_slope_mean,1.7151223699082057,0.24500463661296343,0.18685539310418217,0.07856043493070564,0.0,0.4451085669112114,clinical
lead11_std_diff,0.15674285473976962,0.7241437267210972,0.19726000007987748,0.376509195358725,0.751311689009119,0.4411934931817177,baseline
lead3_spec_entropy,0.9895899010819857,0.14834310106044096,0.6224091934849475,0.32800041960738074,0.10327013456867772,0.43832254996068654,baseline
clinical_lead6_qrs_max_mean,0.025017047561785053,0.06683011877500944,1.8000096578984375,0.13049816956833318,0.16463080329717433,0.4373971594201479,clinical
clinical_lead4_t_inversion_ratio,0.27384720208784,0.4062837392749172,0.06224141546561466,0.4430972694290005,0.9979838846709387,0.43669070218566225,clinical
clinical_lead2_pathologic_q_ratio,0.0,0.33709129548158495,0.6512758189254579,0.7846307554204365,0.3469186685108112,0.4239833076676581,clinical
clinical_lead6_q_width_mean_ms,0.25325392312792516,0.10647349071534584,0.38212798112528584,0.21694305318680304,1.1326050142875073,0.41828069248857347,clinical
lead7_hf2_energy,0.391649681534966,0.2824014185199418,0.49490942347547456,0.7499360684558027,0.13327091204850103,0.41043350080693725,baseline
lead11_hf2_energy,0.0,1.0713048550311284,0.0,0.6848665319726671,0.26007275138483377,0.4032488276777258,baseline
clinical_cornell_voltage,0.0,0.582000061004428,0.14063436312157857,0.8210830419725562,0.3519412554865486,0.3791317443170223,clinical
lead7_skew,0.6949671283341728,0.35790101977464067,0.11424437367174044,0.48401190818501766,0.23468234697108822,0.377161355387332,baseline
clinical_lead3_st_slope_mean,0.8763453516378461,0.27253537645881215,0.048109829701449294,0.42531192011330576,0.24069749116692574,0.3725999938156678,clinical
lead4_spec_entropy,1.1540354662211594,0.5730345415529668,0.0,0.02667011044223202,0.10064134933539534,0.3708762935103507,baseline
clinical_lead2_qrs_min_mean,1.2533325827553228,0.1722746377247331,0.0535122473073198,0.3433630711947997,0.0,0.36449650779643505,clinical
clinical_q_depth_global_mean,0.0,0.2635408419641937,0.8425062360626114,0.6058291939239644,0.09562486822510903,0.36150022803517573,clinical
clinical_lead7_st_deviation_mean,0.0,0.3677841716072775,0.5618983871696542,0.4340839645410155,0.43006065117816833,0.35876543489922313,clinical
clinical_lead11_qrs_max_mean,0.0,0.7450628580559352,0.18457189311232183,0.6530557775298045,0.20268418936317245,0.3570749436122468,clinical
clinical_lead2_t_inversion_ratio,0.0,0.16653701044606084,0.24113191085485125,0.6895586965464773,0.6749833244344021,0.35444218845635833,clinical
lead10_spec_entropy,0.2720962317137118,0.15381835088871967,0.3371914253871293,0.21684138998582636,0.7795538897175807,0.35190025753859355,baseline
clinical_lead10_t_inversion_ratio,0.0,0.2795717121044012,0.5330535714608056,0.49821702400206463,0.4404580821510432,0.35026007794366293,clinical
clinical_lead1_qrs_max_mean,0.0,1.3815555481295891,0.1286772744922348,0.08551035582404803,0.14604398914173108,0.34835743351752063,clinical
clinical_lead8_q_depth_mean,0.0,0.12019445827480517,1.340948678893309,0.24811086727887688,0.0,0.3418508008893982,clinical
clinical_lead7_q_width_mean_ms,0.06620076693314844,0.0,1.189612706251921,0.3282615169511156,0.10862257411002617,0.3385395128492422,clinical
lead2_spec_entropy,0.97798097379197,0.22696958361108371,0.2404334062020809,0.13517023026180303,0.08203793053109656,0.3325184248796068,baseline
clinical_t_duration_mean_ms,0.17007690606697906,0.2257695682815831,0.6046481934880897,0.20007651485773106,0.44582242379350384,0.32927872129757735,clinical
clinical_lead5_q_depth_mean,0.0,0.2304547618042418,1.3644855155397633,0.0,0.04614749321428188,0.3282175541116574,clinical
clinical_lead2_qrs_max_mean,0.28082751408074424,0.04432811787962711,0.5689391464624718,0.7161586491714924,0.0,0.3220506855188671,clinical
clinical_lead6_st_deviation_mean,0.08459469534157205,0.27238650387922214,0.6862495586743725,0.2653055234589105,0.3009742612583076,0.321902108522477,clinical
clinical_lead5_q_r_ratio_mean,0.0,0.16576340307178078,1.224042027326271,0.18308601521539844,0.03613233865874574,0.3218047568544392,clinical
lead6_skew,0.6009247057470721,0.22760724369923424,0.294883160512677,0.4022773858927814,0.061116001538587615,0.31736169947807047,baseline
clinical_lead11_st_slope_mean,0.050423831938291794,0.0762135122722479,0.0,0.8072160518240523,0.6146778885564693,0.3097062569182123,clinical
corr_V1_V5,0.05356333040517604,0.6768023255222323,0.26351428539958865,0.20326032543487565,0.32115727846445186,0.3036595090452649,baseline
lead11_max,0.0,0.8383252392486495,0.07210698824254667,0.33576411195609784,0.26655330279333994,0.30254992844812684,baseline
lead5_hf2_energy,0.13490078391477242,0.14432052149872715,0.7006161902728617,0.4114355452621459,0.10801982766847928,0.2998585737233973,baseline
clinical_lead9_q_width_mean_ms,0.2714286049710057,0.15941805846841486,0.2803253047706622,0.34353908483351475,0.442301615791528,0.2994025337670251,clinical
clinical_pr_interval_mean_ms,0.3395506298669287,0.14519980129808535,0.4601226744084794,0.4704863252099301,0.08043078080956335,0.29915804231859744,clinical
clinical_lead8_t_amp_mean,0.13634031912660255,0.13700002084221824,0.1730252539583322,0.6799470426968017,0.36751295517164784,0.29876511835912056,clinical
clinical_lead3_qrs_min_mean,0.0,0.4312094380695042,0.8472782860216507,0.20977687884414245,0.0,0.29765292058705944,clinical
lead7_dom_freq,1.0531867145727178,0.16951830357652858,0.06077896892737209,0.19859562141579276,0.0,0.29641592169848224,baseline
lead10_median,0.3378377594058867,0.12403442028461922,0.41561586476528306,0.17812882439684757,0.41797916773036703,0.2947192073166007,baseline
clinical_lead4_qrs_min_mean,0.15024519991321988,0.1511055378498306,0.4997613355406053,0.292740307864087,0.3428208081663115,0.28733463786681085,clinical
lead12_spec_entropy,0.5008658182598408,0.4741405163096961,0.06488547126011265,0.06627613362330648,0.32532222322886284,0.28629803253636377,baseline
clinical_lead2_q_r_ratio_mean,0.0,0.7639808661383687,0.255360164397816,0.0,0.37529256377813414,0.2789267188628638,clinical
clinical_rr_mean_ms,0.0,0.23242953285414839,0.3230305274813781,0.46333471609816734,0.3738022210979829,0.2785193995063354,clinical
clinical_lead5_qrs_max_mean,0.0,0.8524711335078414,0.0564151402731696,0.3537242116929032,0.12768066463729502,0.27805823002224184,clinical
clinical_r_amp_mean,0.0,0.1919160229276317,0.5604588243655652,0.44788323303095745,0.1786675575025579,0.2757851275653424,clinical
clinical_lead7_q_depth_mean,0.2105730269786369,0.347532913721726,0.40558616926472385,0.24772453413305395,0.16240433178769578,0.2747641951771673,clinical
lead9_spec_entropy,0.0,0.10037005559471103,0.9310986507538462,0.15686223669770769,0.18539041927554695,0.2747442724643624,baseline
clinical_lead12_qrs_max_mean,0.18112123684072065,0.46555188461946584,0.10345985418256651,0.09190862355431284,0.5099288351194206,0.2703940868632973,clinical
lead11_skew,0.3489576891190087,0.28643681272149213,0.13812515292825728,0.35155954379458554,0.2120383352531868,0.26742350676330606,baseline
clinical_lead2_q_depth_mean,0.0,0.0,0.8140092035853435,0.30738276671870235,0.21569602714625633,0.2674175994900604,clinical
clinical_lead9_t_amp_mean,0.21296478785956566,0.04166096258751747,0.33381136862994265,0.43630538880685654,0.3051236810823448,0.26597323779324544,clinical
lead11_range,0.13732807833900448,0.39859742902835205,0.12637189540393085,0.1721777460006411,0.4912410762823715,0.26514324501086,baseline
lead1_spec_entropy,0.2177734760367887,0.1605661686955521,0.4105381877638128,0.2237299680834237,0.26633699094288504,0.25578895830449244,baseline
lead4_median,0.6119964757623697,0.11426466390172439,0.3777948042630413,0.06478992404980909,0.09250425841000418,0.25227002527738973,baseline
global_mean_std,0.0,0.869193148346825,0.0846852545068966,0.302185635166855,0.0,0.2512128076041153,baseline
lead2_hf2_energy,0.0,0.11432668056523206,0.6551235803891524,0.15988503844964766,0.3072241912358212,0.24731189812797066,baseline
lead12_min,0.36857552234480007,0.34499052465585406,0.2898260325380791,0.06885519626413601,0.15191367875336656,0.24483219091124714,baseline
lead1_hf2_energy,0.0,0.8470683960439779,0.0,0.33388359547933116,0.03855394608549676,0.24390118752176115,baseline
clinical_lead12_q_depth_mean,0.10675688487397045,0.26720276219715283,0.47684949418570816,0.21780743658960475,0.13071169906884475,0.2398656553830562,clinical
clinical_lead11_qrs_min_mean,0.538626188910686,0.12124814809426146,0.25158118532389445,0.1734974499097841,0.11020025390139512,0.2390306452280042,clinical
global_energy_total,0.0,0.8470110658604448,0.09391596871672694,0.12245035672184547,0.12636612092118998,0.23794870244404143,baseline
lead9_median,0.0,0.16054511092726975,0.19820968583163154,0.4817971059488793,0.3310760357734969,0.2343255876962555,baseline
lead7_max,0.6395803340856409,0.060198881916631634,0.3790963771140416,0.05740030831288843,0.03032769843490899,0.2333207199728223,baseline
clinical_lead12_qrs_ptp_mean,0.0,0.8623019751239729,0.06135567404678948,0.1499998218735637,0.072980247058426,0.2293275436205504,clinical
lead5_norm_energy,0.0,0.3359720213528271,0.28149262705920003,0.522941211517506,0.0,0.22808117198590666,baseline
sex,0.0,0.05926248701206736,0.6222718647442813,0.41583023178078143,0.0412926562378894,0.22773144795500394,baseline
clinical_lead7_qrs_min_mean,0.5255607597669583,0.42586261028777656,0.0,0.11150015800438,0.06603295925680532,0.22579129746318402,clinical
clinical_lead5_t_amp_mean,0.11090916351138273,0.04356894659828807,0.2144644227609346,0.23466959808809815,0.5247817780711741,0.2256787818059755,clinical
lead8_autocorr1,0.0,0.18175417183081913,0.315013129965827,0.05687257790540727,0.5723871672185419,0.225205409384119,baseline
clinical_lead10_q_width_mean_ms,0.4166279059284743,0.09678728942082243,0.025643922899965827,0.2162120482210115,0.3537751256343945,0.22180925842093374,clinical
lead12_mean_abs_diff,0.09889582959101581,0.25409665759616595,0.14503985387377186,0.12261435594612578,0.46812982342634446,0.21775530408668478,baseline
lead4_min,0.10769291269098849,0.13168653812106754,0.15130450707163778,0.5927595672805349,0.10494805086975488,0.2176783152067967,baseline
clinical_lead1_q_r_ratio_mean,0.22165984566110067,0.330748896553661,0.23255828635602235,0.14666950630661882,0.15404435292073673,0.21713617755962794,clinical
lead10_skew,0.27975802123996396,0.05241936837591713,0.29530449081197996,0.352049335657333,0.10380477999407563,0.21666719921585392,baseline
clinical_lead7_qrs_max_mean,0.2083586431252172,0.09798451063612064,0.498026285157621,0.277685471189081,0.0,0.21641098202160797,clinical
clinical_lead1_q_depth_mean,0.12011767271579854,0.11162301693114436,0.4574197775873884,0.0719584406685579,0.28885635466009363,0.20999505251259656,clinical
lead5_rms,0.030270205628956395,0.5421720083680995,0.3091141289753272,0.10162014330152194,0.06500809137236906,0.20963691552925484,baseline
lead7_kurt,0.6695429456858794,0.0,0.0,0.11951965570069185,0.24818167333691088,0.2074488549446964,baseline
lead8_min,0.4210239480291247,0.4151610084653027,0.09458196241285864,0.0961315152960489,0.0,0.205379686840667,baseline
clinical_lead10_q_r_ratio_mean,0.23527001836389969,0.29690068487297644,0.4080706211187525,0.0,0.08606794724492692,0.2052618543201111,clinical
lead8_hf2_energy,0.584131952914656,0.051801258876700895,0.12528768673258614,0.14753256054431463,0.10572022598912627,0.2028947370114768,baseline
clinical_heart_rate_mean_bpm,0.12204061653334897,0.0673300421411202,0.08919440192794141,0.1846746491843819,0.5455351487685768,0.20175497171107387,clinical
lead1_max,0.10423780571697236,0.8336824722046574,0.0,0.044909070276260635,0.0,0.1965658696395781,baseline
lead12_kurt,0.49237387464909277,0.24863747147468243,0.01579463685118571,0.1428755249960714,0.07034739670819663,0.1940057809358458,baseline
lead2_median,0.14131281577422647,0.2373348882257921,0.2175476782233284,0.10750991457656259,0.2607302543614165,0.1928871102322652,baseline
lead8_dom_freq,0.04233490861932159,0.16576446398574768,0.0,0.5291713202529283,0.22568987228423476,0.19259211302844648,baseline
lead7_mean_abs_diff,0.23249527031713668,0.18784240256914772,0.0,0.2538340959478325,0.2819258000047046,0.1912195137677643,baseline
lead1_range,0.14024113238329813,0.4663708335677247,0.06740498550893562,0.13352372798320325,0.1296363230010986,0.18743540048885204,baseline
corr_I_III,0.0,0.12980566940548194,0.8051089688890812,0.0,0.0,0.18698292765891264,baseline
clinical_lead4_qrs_ptp_mean,0.1609107374700897,0.3346399487669394,0.20521481947790196,0.10581291519787445,0.11667284607236227,0.18465025339703356,clinical
lead12_max,0.10800046110342244,0.2526333482397267,0.1590202278030818,0.0335755917120704,0.3674021631966977,0.1841263584109998,baseline
lead11_max_abs_diff,0.0,0.5910031875570738,0.1938021701601578,0.0,0.12317022828478562,0.18159511720040344,baseline
clinical_lead5_t_inversion_ratio,0.1264286239541251,0.21637377968598157,0.12480685973218937,0.03856435884735704,0.3961782829413698,0.18047038103220459,clinical
lead1_median,0.0,0.36710619987831733,0.31030627053855003,0.0,0.22392676121930813,0.18026784632723508,baseline
clinical_lead8_q_r_ratio_mean,0.0,0.06929561815375312,0.7659604587830473,0.0,0.048472124576253245,0.17674564030261075,clinical
clinical_st_segment_mean_ms,0.11761689358244774,0.11093040555286629,0.15053923616322515,0.19419547798802544,0.3059509555355719,0.1758465937644273,clinical
clinical_lead8_t_inversion_ratio,0.0,0.042623192386920306,0.6575793399261443,0.05482406532487242,0.1241752757789783,0.17584037468338304,clinical
lead5_spec_entropy,0.45911818776040647,0.12692600522855715,0.154555481523232,0.0954531899449799,0.037980890782926865,0.1748067510480205,baseline
lead8_median,0.057435986526680576,0.0,0.08139536006476938,0.2573266750481705,0.47699458726871097,0.1746305217816663,baseline
lead7_min,0.11634541268276224,0.25096477827577446,0.050790485037698355,0.3180346434381421,0.13638068361598424,0.17450320061007227,baseline
lead9_hf2_energy,0.0,0.06834864591398722,0.026363684955167204,0.20496904061022425,0.5589695943381221,0.17173019316350016,baseline
lead9_dom_freq,0.0,0.030450657112354958,0.09891044091642746,0.0584011891755646,0.6666541649716119,0.1708832904351918,baseline
clinical_lead4_pathologic_q_ratio,0.27012233433100497,0.11056304630033062,0.05974847248352711,0.343100286668316,0.06840779440968424,0.1703883868385726,clinical
clinical_lead5_qrs_ptp_mean,0.0,0.6538381257307618,0.06671925764550116,0.13063921571330148,0.0,0.1702393198179129,clinical
clinical_heart_rate_std_bpm,0.0,0.019695236138024753,0.1123242361228926,0.19750457191746237,0.5201255599307373,0.1699299208218234,clinical
clinical_rr_min_ms,0.0,0.6803328394487219,0.0,0.023211702068274144,0.1443889619163579,0.16958670068667078,clinical
clinical_lead1_st_deviation_mean,0.0,0.3718046858530763,0.12302742131158208,0.0,0.34637867300782843,0.16824215603449738,clinical
lead12_std_diff,0.06721813253167701,0.13851933735508737,0.11772294558022985,0.03170791680953914,0.48529181472695304,0.16809202940069728,baseline
lead4_p75,0.15270006562339358,0.11294613945628233,0.362060298196935,0.15211880505729955,0.057265029049607584,0.16741806747670362,baseline
clinical_lead6_t_amp_mean,0.0,0.4880440039408017,0.18929101729377434,0.09451830272715574,0.056616981110140616,0.1656940610143745,clinical
lead5_max,0.0,0.5683403674505673,0.06703106899219351,0.12717436728751214,0.056297548139573696,0.1637686703739693,baseline
lead7_p25,0.23103340814203188,0.4212783537061746,0.024265956654997305,0.09417872178251974,0.04024325054491524,0.16219993816612777,baseline
lead6_mean_abs_diff,0.3086705241977838,0.3144737305731928,0.07682011618046834,0.05224436454583861,0.037179204316879946,0.1578775879628327,baseline
clinical_lead11_qrs_ptp_mean,0.0,0.08613355931575761,0.05156994643056952,0.07773478232284148,0.5673815037143393,0.1565639583567016,clinical
lead10_std_diff,0.0,0.32301576586788083,0.07101429938976515,0.24836797566200827,0.13346101296402946,0.15517181077673675,baseline
lead10_min,0.09110413855603283,0.289519445500113,0.21906773352931386,0.16434868151685217,0.0,0.1528079998204624,baseline
clinical_lead8_q_width_mean_ms,0.23591228629092464,0.08908546365561887,0.21081226938740374,0.08697956654541504,0.12426720554004694,0.14941135828388186,clinical
clinical_lead7_t_inversion_ratio,0.11375062451117224,0.2690323872065412,0.13015351707252973,0.05422079687830385,0.17636248350849193,0.1487039618354078,clinical
clinical_lead6_t_inversion_ratio,0.10313794850866477,0.14915834108580694,0.05582436954194241,0.1764464393789353,0.2434525995363654,0.14560393961034296,clinical
clinical_sdnn_ms,0.2922434429155173,0.29348945642044183,0.01617044346832071,0.04274308256646221,0.07974879726463426,0.14487904452707528,clinical
lead12_skew,0.0,0.23839677901256626,0.10994749952962335,0.09934235836680565,0.27124712807989787,0.14378675299777863,baseline
lead1_norm_energy,0.0,0.4017094262724216,0.0358704051790948,0.13998699725831712,0.13967662180049203,0.14344869010206512,baseline
lead8_std,0.33504172247282354,0.15339384602492329,0.17920518462356289,0.0,0.0414178610542978,0.1418117228351215,baseline
lead3_std_diff,0.06485116590213692,0.26998222543726613,0.09382731722377018,0.07238150913616351,0.20090012027030563,0.14038846759392848,baseline
lead8_mean,0.0,0.658310853138429,0.03490638769139021,0.008425162437232382,0.0,0.1403284806534103,baseline
clinical_lead5_st_deviation_mean,0.0,0.1777794709815643,0.37160230830200797,0.06903015715556557,0.08090806926419052,0.13986400114066566,clinical
clinical_lead8_qrs_ptp_mean,0.0,0.2988693151988599,0.17208977102790088,0.033935006136230614,0.19328865105576548,0.13963654868375136,clinical
lead3_mean_abs_diff,0.10858513846777154,0.37317368773754833,0.03888683833313893,0.11421710373423728,0.05993694514214927,0.13895994268296907,baseline
lead5_autocorr1,0.0,0.37324641331504027,0.13772164507118095,0.12726831314721926,0.05407834217056512,0.13846294274080112,baseline
clinical_lead9_st_deviation_mean,0.0,0.20977711056719325,0.06181724591595548,0.10562458787071337,0.30997121544964373,0.13743803196070117,clinical
lead2_max,0.0699072496778377,0.051845977626500395,0.08145768361942814,0.23485317428102914,0.2445798121553772,0.1365287794720345,baseline
lead4_kurt,0.24146869290918754,0.22860376482970818,0.05243789641026888,0.033454188809306375,0.12361447127907564,0.13591580284750931,baseline
clinical_lead9_pathologic_q_ratio,0.04609795545457018,0.11946565628626644,0.18310841239829675,0.2768916833500989,0.050685590775924334,0.13524985965303132,clinical
clinical_lead8_st_deviation_mean,0.0,0.09174941598208307,0.06503173794072842,0.0,0.5168607060261105,0.1347283719897844,clinical
corr_V2_V6,0.0,0.5521577805686858,0.12052063632306369,0.0,0.0,0.1345356833783499,baseline
clinical_lead9_qrs_ptp_mean,0.0,0.03219841507430441,0.12716324848759997,0.030446710927031384,0.4818521034822631,0.13433209559423978,clinical
lead3_rms,0.38156623965066033,0.09257243759713606,0.0,0.09575055007427284,0.09776223881231762,0.13353029322687737,baseline
lead7_autocorr1,0.13257682643911026,0.20751582818468456,0.1731807318077136,0.1092275886383286,0.044043900172614225,0.13330897504849024,baseline
lead10_mean_abs_diff,0.0,0.21382808697423308,0.1606116304416541,0.19103356208505748,0.10033446058127066,0.13316154801644306,baseline
clinical_lead2_st_deviation_mean,0.0,0.027062149729896394,0.4755372390285848,0.1354115297108387,0.02501566476417289,0.13260531664669856,clinical
clinical_lead7_q_r_ratio_mean,0.3887499727306521,0.07502236799575478,0.15979376895048647,0.038588568122738164,0.0,0.1324309355599263,clinical
lead7_cv,0.0,0.2786043404357036,0.0501535166406597,0.0,0.3271231283455462,0.13117619708438188,baseline
clinical_lead10_qrs_min_mean,0.0,0.12778655599563357,0.1228531404919511,0.07752943268788516,0.3155176125053085,0.12873734833615566,clinical
clinical_lead5_st_slope_mean,0.0,0.024398073064974986,0.08591905855851639,0.06499082862593845,0.4660673186401555,0.12827505577791706,clinical
lead5_kurt,0.1225025315393859,0.20718030336187732,0.12859637692118642,0.0,0.17393184473196183,0.1264422113108823,baseline
clinical_lead9_q_r_ratio_mean,0.0766124904593887,0.08232803853225758,0.3708145705619944,0.0,0.10139254540620872,0.12622952899196987,clinical
lead7_rms,0.04915845574019137,0.2718807600917963,0.11416646656242208,0.07148116790451228,0.12303184305360672,0.12594373867050573,baseline
lead5_std,0.0,0.39011555409710486,0.11626960182349866,0.03763584992052691,0.08310000387464593,0.12542420194315526,baseline
clinical_lead3_st_deviation_mean,0.049145014046447534,0.08819797573369635,0.39839169605953134,0.03474755016310773,0.055901792583996954,0.12527680571735597,clinical
lead4_zcr,0.21723483834968293,0.1437558102722091,0.04796651149986459,0.10990743041397565,0.10415765232264679,0.12460444857167578,baseline
lead7_norm_energy,0.0,0.38330381979524797,0.12789969999701248,0.04475771346924626,0.0648541033394167,0.12416306732018467,baseline
clinical_lead12_q_r_ratio_mean,0.0,0.232526919249329,0.024514782697134828,0.0,0.3631391791894416,0.12403617622718108,clinical
lead1_mean,0.1971676440946647,0.20106575222963063,0.19273245988963772,0.026235059995911008,0.0,0.12344018324196881,baseline
lead8_spec_entropy,0.19053930782724907,0.04898310363574845,0.17862576031048027,0.0,0.1976649218573331,0.12316261872616216,baseline
lead11_mean_abs_diff,0.0,0.0,0.15406842776907378,0.041855894082536295,0.415403492044739,0.12226556277926981,baseline
clinical_lead5_pathologic_q_ratio,0.1417970963872718,0.0,0.08666181728802023,0.05855740191529405,0.32384539457694445,0.1221723420335061,clinical
lead12_autocorr1,0.14127845493415578,0.16170588454898954,0.16466065850991865,0.035341712845295234,0.1065589181784194,0.12190912580335571,baseline
lead1_max_abs_diff,0.0972897036544438,0.31396482832478717,0.12938980454894772,0.0,0.06382557993962641,0.12089398329356102,baseline
lead1_skew,0.09774495427413367,0.14788445979433526,0.21806598385136328,0.0,0.13672299869602114,0.12008367932317068,baseline
clinical_lead1_qrs_ptp_mean,0.0,0.4692521200811362,0.03914180465609695,0.08825842318970568,0.0,0.11933046958538776,clinical
clinical_lead6_pathologic_q_ratio,0.0,0.12141005905357106,0.10764351453494657,0.10737594026802796,0.24641189296077998,0.11656828136346511,clinical
clinical_lead4_st_deviation_mean,0.0,0.28356898812583964,0.06220578799870615,0.09784914695943656,0.1317499661903835,0.11507477785487316,clinical
clinical_qt_interval_mean_ms,0.0,0.14659231335470957,0.042277100790999625,0.20090147336630929,0.18444375888029269,0.11484292927846225,clinical
clinical_r_peak_count,0.0,0.07841960251873918,0.0,0.20625620253402008,0.28791928596383054,0.11451901820331796,clinical
clinical_lead3_q_width_mean_ms,0.0752446250503372,0.13445313463259534,0.2637107692120506,0.09684187850984173,0.0,0.11405008148096499,clinical
lead12_energy,0.0,0.27810247213560757,0.07517816998329516,0.0,0.21672039829373796,0.11400020808252816,baseline
lead2_zcr,0.17600797463070159,0.19909773582596244,0.010304364076717722,0.02350572539674707,0.16094156382533034,0.11397147275109183,baseline
clinical_lead4_q_r_ratio_mean,0.12255494822325838,0.13144926174726312,0.26962381647230854,0.0,0.04159790072269711,0.11304518543310545,clinical
lead3_max,0.06951050046648168,0.07193221572577897,0.21136891839014552,0.16043074853046113,0.05069635238890624,0.1127877471003547,baseline
lead4_p25,0.1704834620460913,0.12633685259808553,0.06753029268542535,0.03957921532033644,0.15953538824945696,0.1126930421798791,baseline
lead10_p25,0.0,0.31097981593574203,0.1660190535160755,0.08603637293014271,0.0,0.11260704847639205,baseline
lead1_mean_abs_diff,0.14658982216642677,0.19915186742685018,0.02296333889623732,0.059238712107360765,0.13488106820222143,0.1125649617598193,baseline
lead4_rms,0.0,0.22348344410019455,0.17171395787201146,0.0,0.16581186804440168,0.11220185400332153,baseline
lead12_zcr,0.0,0.21397884301806733,0.13914913338713394,0.13155385782565346,0.07100881822933891,0.11113813049203873,baseline
lead12_rms,0.0,0.5361150600988465,0.01849635995659821,0.0,0.0,0.11092228401108895,baseline
lead3_range,0.08296155653682276,0.06610803419739132,0.09678163843862392,0.11300874487062583,0.19491197255657702,0.11075438932000817,baseline
lead6_std,0.049561378050915636,0.15378903853809045,0.07204906090278258,0.16896584924693828,0.10918132736598885,0.11070933082094317,baseline
clinical_lead12_pathologic_q_ratio,0.0,0.09749249119617814,0.15309493128222396,0.11916282346278494,0.1783176311615161,0.10961357542054065,clinical
lead10_autocorr1,0.0,0.12663983803547804,0.1201580291135461,0.0,0.30037503478337835,0.1094345803864805,baseline
global_max_range,0.0,0.21040697621434631,0.05843800880230015,0.03049036183048005,0.24626607285436497,0.1091202839402983,baseline
clinical_lead10_st_deviation_mean,0.0,0.15779284169099436,0.1480831209204278,0.15894569366831432,0.07894615981680295,0.10875356321930789,clinical
lead11_dom_freq,0.0,0.08354329533919751,0.08097106458621675,0.07373339248720746,0.3024822144283119,0.10814599336818671,baseline
lead11_rms,0.05027978879366841,0.13596860190813184,0.05387486600009735,0.17942458296226854,0.11553941005570757,0.10701744994397475,baseline
lead11_energy,0.0,0.08007331467729659,0.07785704982698972,0.1262799146846523,0.24946691353207118,0.10673543854420195,baseline
lead9_norm_energy,0.0,0.21890624703323125,0.14621283819467173,0.0,0.16740455486839156,0.10650472801925889,baseline
clinical_r_amp_min,0.17412354831224072,0.11436801901902095,0.029097873724048016,0.09754590285719415,0.11471112900451508,0.10596929458340379,clinical
clinical_lead11_q_r_ratio_mean,0.0,0.07318758184466637,0.19519200709481194,0.04728295767130339,0.21034863005418478,0.1052022353329933,clinical
lead8_max_abs_diff,0.07399701576393597,0.1546878071849415,0.1094118843483642,0.06860416979922884,0.11586211773644603,0.10451259896658331,baseline
lead8_mean_abs_diff,0.0,0.11509180758434594,0.1929608966277296,0.0,0.2087788348334286,0.10336630780910083,baseline
clinical_lead3_q_r_ratio_mean,0.0,0.09846212582108678,0.2567605981190568,0.08158733515934627,0.0680574081058275,0.10097349344106347,clinical
lead6_autocorr1,0.08107226389252369,0.17566982406392087,0.09272356267393857,0.06688332681949913,0.0791655055412924,0.09910289659823493,baseline
lead12_median,0.0,0.3083399229321169,0.061538376715357675,0.02351929055497825,0.0974734492013744,0.09817420788076545,baseline
lead12_iqr,0.0062035278607008824,0.2251438960982301,0.12853378379971075,0.04247328562901374,0.08754448764518631,0.09797979620656835,baseline
clinical_lead7_pathologic_q_ratio,0.059525391367664236,0.03886251632739491,0.06070187217986951,0.20156666479505175,0.12611248053759624,0.09735378504151533,clinical
lead7_std,0.061225708336628465,0.22413453693985338,0.125169822734791,0.0,0.06737599131637893,0.09558121186553035,baseline
clinical_lead7_t_amp_mean,0.2242577725505651,0.08471319665418148,0.04537100016550582,0.12169242537353213,0.0,0.0952068789487569,clinical
lead11_min,0.17059002716828348,0.043799531164592787,0.0886915242457953,0.17262588062411327,0.0,0.09514139264055696,baseline
lead12_norm_energy,0.0,0.10959843406369137,0.1100651884164847,0.11026556558128207,0.14431207582291586,0.09484825277687481,baseline
lead8_range,0.15053979681176224,0.11543660043201073,0.07645308693838394,0.07844871210437745,0.05254319806057207,0.09468427886942128,baseline
lead7_energy,0.0,0.22455540532835705,0.10680795877389677,0.09124833688777989,0.0478937812778109,0.09410109645356893,baseline
lead10_hf2_energy,0.0,0.27637429502030997,0.040082908274661454,0.1267696113629279,0.025898604578647892,0.09382508384730943,baseline
clinical_lead8_qrs_min_mean,0.2779259885618964,0.08657599213708914,0.0,0.055261190264905655,0.04747561333640233,0.09344775686005871,clinical
clinical_st_deviation_global_mean,0.08999021970729616,0.07591492933317033,0.10208245301112005,0.04375168351624173,0.15404993526935154,0.09315784416743596,clinical
lead2_min,0.0,0.14497045049090063,0.0,0.0,0.31908503122126985,0.09281109634243409,baseline
heart_axis_ALAD,0.0,0.0,0.0,0.3318212862374371,0.1302089611315084,0.0924060494737891,baseline
clinical_rr_max_ms,0.18290148516580645,0.09753390611528681,0.04629420095373048,0.08410423781089574,0.04659995423402641,0.09148675685594918,clinical
lead5_mad,0.0,0.25095905472174784,0.05268102839724963,0.0690897236058048,0.0827747239880601,0.09110090614257246,baseline
lead4_std_diff,0.238184572796639,0.040456214561559845,0.17553064932656878,0.0,0.0,0.09083428733695353,baseline
clinical_lead12_qrs_min_mean,0.28942946895625415,0.062377689183501304,0.07441066684859907,0.0,0.02784769164966929,0.09081310332760476,clinical
lead2_cv,0.1038454455229433,0.07599591101787578,0.025624334748705225,0.0,0.24312734892594087,0.08971860804309303,baseline
clinical_lead2_qrs_ptp_mean,0.06602042912057929,0.09504692005950816,0.06759977934886605,0.11314550766343641,0.10524103500746965,0.0894107342399719,clinical
lead6_min,0.0,0.15440015961226414,0.0,0.29250502529824524,0.0,0.08938103698210187,baseline
lead1_energy,0.0,0.2369799769840967,0.0,0.20927086777029216,0.0,0.08925016895087777,baseline
clinical_lead9_t_inversion_ratio,0.04138010407647902,0.15848285668213777,0.1906905434089787,0.0,0.05513414524620783,0.08913752988276066,clinical
lead3_cv,0.085644214114045,0.07924405380025282,0.22849531235665554,0.0,0.05112041366840094,0.08890079878787085,baseline
lead10_max,0.034414601149125944,0.14134828333009394,0.09400925102371123,0.059841515163550185,0.11485436860346313,0.08889360385398888,baseline
lead3_iqr,0.054659565566759175,0.2646052946833002,0.12509754091679576,0.0,0.0,0.08887248023337102,baseline
lead12_range,0.05480754772825828,0.15569995686008872,0.17415604280978178,0.015762151254492835,0.042168432121024925,0.08851882615472931,baseline
lead2_range,0.0,0.25450218578911044,0.08023612119112719,0.0,0.1029720468894052,0.08754207077392857,baseline
lead9_energy,0.0,0.13274265584219147,0.0877653460834506,0.16731251828740862,0.049165195341159186,0.08739714311084198,baseline
lead3_p75,0.036810281991689925,0.06175487736951478,0.07209506093706661,0.08884425606738784,0.17579421715611354,0.08705973870435454,baseline
clinical_lead10_qrs_max_mean,0.0,0.0,0.05585028193739654,0.0,0.37873237365986573,0.08691653111945245,clinical
clinical_lead9_qrs_min_mean,0.0,0.1677836100501755,0.046824177520717825,0.0,0.21537175758967977,0.08599590903211463,clinical
clinical_delineated_beat_count,0.18825737027820774,0.09676100407718653,0.05495382301090347,0.0628646034633004,0.024100646352080392,0.0853874894363357,clinical
lead11_std,0.0,0.3859905930788956,0.0,0.039992283898306835,0.0,0.08519657539544048,baseline
lead5_mean,0.07309639065485463,0.22025024390564452,0.05183107060168383,0.013921877906058191,0.06660824642092969,0.08514156589783417,baseline
lead12_mean,0.06578564139984347,0.13542742153152906,0.12120909632044628,0.03457516218318625,0.06640915247771667,0.08468129478254435,baseline
lead9_std_diff,0.0,0.30390996304153356,0.10741761378176386,0.0,0.0,0.08226551536465948,baseline
clinical_lead10_qrs_ptp_mean,0.0,0.08654854285638741,0.040629717383387595,0.16980900780821284,0.11238794730793873,0.08187504307118532,clinical
clinical_pnn50,0.11619951099312079,0.0,0.11388293574144413,0.027405255214583157,0.14931894982575594,0.0813613303549808,clinical
clinical_lead3_qrs_ptp_mean,0.0,0.24379814804090216,0.0,0.0,0.16087960546110744,0.08093555070040193,clinical
lead11_kurt,0.0,0.14423865115369855,0.05874206211818524,0.13135239590524822,0.06989309132877593,0.08084524010118158,baseline
height,0.0,0.06715112372082675,0.1722501582101853,0.06596351279969645,0.09764965316274427,0.08060288957869056,baseline
lead11_cv,0.07587647834519322,0.09583206728070312,0.11306106879259589,0.038009150562415314,0.07701667809770682,0.07995908861572287,baseline
lead8_zcr,0.11818022338158678,0.19583572174511124,0.029069470297744787,0.0,0.05459737107955999,0.07953655730080056,baseline
lead2_kurt,0.0,0.1669916621122141,0.0,0.0,0.22955717146048,0.07930976671453882,baseline
lead9_cv,0.0,0.11544379303701142,0.11197707106199072,0.11686731736501813,0.04906246639061617,0.0786701295709273,baseline
lead4_hf2_energy,0.0,0.11793122789522763,0.08997886074158476,0.04980342380704163,0.1338387948467258,0.07831046145811596,baseline
clinical_lead4_q_depth_mean,0.15911415557328726,0.0,0.2322360673266851,0.0,0.0,0.07827004457999447,clinical
lead7_range,0.06001661315791268,0.14836536995029337,0.05847342629658412,0.06571015327683263,0.057132012988145985,0.07793951513395377,baseline
lead3_min,0.0,0.3881809271261946,0.0,0.0,0.0,0.07763618542523892,baseline
lead9_min,0.0,0.227243988285096,0.025438222672234542,0.0,0.13524565569043676,0.07758557332955347,baseline
lead11_mean,0.0,0.2307307732933228,0.06863722195551282,0.029692592936865488,0.058726210311071086,0.07755735969935444,baseline
lead6_norm_energy,0.12859805512357275,0.09984599573410463,0.0,0.07355899297958746,0.0834401615335037,0.07708864107415371,baseline
lead2_std_diff,0.0,0.2781528226464645,0.05086693102153993,0.0,0.05527946618800597,0.07685984397120209,baseline
lead2_mean_abs_diff,0.0,0.04059959537122523,0.1574104020365448,0.11174471239334084,0.07343453364964532,0.07663784869015124,baseline
lead10_std,0.05049717362874055,0.14583673957832857,0.07706833900259409,0.0782249587502469,0.02961734333414205,0.07624891085881044,baseline
lead8_p25,0.0935863511648566,0.13531582094684036,0.029501091911530563,0.08319283977110875,0.036918845060974474,0.07570298977106214,baseline
lead1_kurt,0.039896681040532886,0.1814958230808407,0.08078708479702575,0.07431659925385178,0.0,0.0752992376344502,baseline
lead4_mean_abs_diff,0.17462492407459165,0.048512763739917676,0.10372159977699816,0.0,0.04721140252575317,0.07481413802345213,baseline
clinical_lead1_pathologic_q_ratio,0.0,0.18227925134050738,0.06115837709593255,0.0,0.13009556183918156,0.0747066380551243,clinical
clinical_lead3_qrs_max_mean,0.0,0.07049133075954032,0.2769820455616486,0.025684813479239378,0.0,0.07463163796008568,clinical
lead12_std,0.0,0.06284864899271253,0.03266690881092917,0.08544808798060603,0.19192133458224986,0.07457699607329951,baseline
lead10_zcr,0.0,0.10098519713853699,0.014449878431825852,0.006665988180826391,0.24381854129344357,0.07318392100892657,baseline
lead9_std,0.1148417948414406,0.1847864561454621,0.0,0.0,0.06360263025998673,0.07264617624937789,baseline
clinical_p_duration_mean_ms,0.0,0.06412789123695369,0.16209927958040785,0.050709602221104676,0.08376131717362628,0.0721396180424185,clinical
lead5_max_abs_diff,0.0,0.22729274449900677,0.13210109973004885,0.0,0.0,0.07187876884581113,baseline
lead3_skew,0.11224551152692386,0.13781216731512766,0.10877133351791421,0.0,0.0,0.07176580247199316,baseline
lead3_median,0.0971708227362871,0.07425548790088832,0.09700269776933071,0.03148557549988516,0.05844017175483217,0.0716709511322447,baseline
lead8_kurt,0.09565175791512971,0.138757223243174,0.06295921974873141,0.0,0.060053700309512126,0.07148438024330946,baseline
clinical_lead3_pathologic_q_ratio,0.09853729830422965,0.06859228667499542,0.12039154922641282,0.0,0.06972715552096659,0.0714496579453209,clinical
lead5_cv,0.06631305489927064,0.143091674729143,0.0,0.04166003423082404,0.10606703732030191,0.07142636023590793,baseline
lead6_max_abs_diff,0.0,0.141944138601093,0.051969313320407655,0.05675925515168869,0.10573608603906005,0.07128175862244987,baseline
lead6_p25,0.15691023436161375,0.0,0.10087941458674829,0.0,0.09853689192597768,0.07126530817486795,baseline
lead1_cv,0.08480141901722899,0.07556854794004335,0.03309710279014652,0.04419662320742183,0.11606714212638214,0.07074616701624456,baseline
lead4_autocorr1,0.05769014851661756,0.14128278000530461,0.0746937952836314,0.0,0.07972102760090856,0.07067755028129243,baseline
lead6_mean,0.08712645620185352,0.09697678786455943,0.16819447315406877,0.0,0.0,0.07045954344409636,baseline
lead8_energy,0.0,0.07591572878813492,0.10505088210333419,0.09202257313159806,0.07803337457912105,0.07020451172043765,baseline
lead10_iqr,0.0,0.19990363887038867,0.0,0.0,0.14861198232405431,0.06970312423888861,baseline
lead4_max_abs_diff,0.08454084005514388,0.14971685273469906,0.09415231368136337,0.018720950949667754,0.0,0.06942619148417481,baseline
lead9_skew,0.0,0.03144295878764668,0.11632234000553986,0.08944807016822401,0.10771993717659113,0.06898666122760033,baseline
clinical_lead7_qrs_ptp_mean,0.0,0.07418031746472462,0.1087623902594953,0.10798380057468672,0.05343138613966521,0.06887157888771436,clinical
lead1_p25,0.0,0.0,0.3035215429647944,0.03865173296496456,0.0,0.06843465518595179,baseline
lead8_iqr,0.0,0.10922551988361451,0.23206197915156232,0.0,0.0,0.06825749980703537,baseline
clinical_lead11_q_depth_mean,0.0,0.16112712736578552,0.04525628029752092,0.07828002474119349,0.05321574863517636,0.06757583620793525,clinical
lead8_skew,0.0,0.04176998086120088,0.17757539261097502,0.0,0.11065011472023323,0.06599909763848182,baseline
lead4_mad,0.0,0.022686900596080542,0.07566490206481426,0.23137184931879193,0.0,0.06594473039593735,baseline
lead10_energy,0.0,0.09248857615240265,0.0,0.05840997758477634,0.17848019643406685,0.06587575003424917,baseline
clinical_lead1_qrs_min_mean,0.0,0.14256403318287822,0.16194470762461985,0.0,0.02282698435195399,0.06546714503189041,clinical
lead9_iqr,0.0,0.07758150066722182,0.15509942145688532,0.059407116519837745,0.03516992409833268,0.06545159254845552,baseline
lead11_iqr,0.0,0.1526478573303764,0.032259469530493266,0.08019563776146055,0.056715863093798134,0.06436376554322566,baseline
lead6_mad,0.0,0.07259721802295456,0.04804935019799449,0.030297920017143487,0.17013234670047145,0.0642153669877128,baseline
lead4_max,0.0,0.11042567286558125,0.0,0.21026043193490399,0.0,0.06413722096009704,baseline
lead8_p75,0.0,0.2304362599392963,0.026066428663510628,0.06172709064022501,0.0,0.0636459558486064,baseline
lead3_max_abs_diff,0.0,0.31625576845785636,0.0,0.0,0.0,0.06325115369157128,baseline
lead9_p75,0.0,0.0,0.23637999024369138,0.07800119537033443,0.0,0.06287623712280517,baseline
lead2_autocorr1,0.10579627730279587,0.12928356719461004,0.0,0.0,0.07824811284518582,0.06266559146851834,baseline
lead2_energy,0.0,0.17323124416187624,0.09167900447425077,0.0,0.04557764592979496,0.06209757891318439,baseline
lead5_min,0.0,0.12080153616938302,0.045421531709210795,0.0,0.14250596272505558,0.061745806120729885,baseline
lead4_energy,0.0,0.10772790838405753,0.07603273121696837,0.05585348441021137,0.06857629953446776,0.061638084709141006,baseline
lead5_p75,0.0,0.24404206687793206,0.023968463873945377,0.03851739365547511,0.0,0.06130558488147051,baseline
lead9_zcr,0.0,0.10015791263613527,0.10988939880176818,0.04034210987795941,0.05394333821608195,0.060866551906388955,baseline
lead6_range,0.0,0.1658018370871538,0.07498279871230533,0.06308475780882927,0.0,0.06077387872165768,baseline
lead10_range,0.0,0.0918735286518067,0.04557070690876905,0.038037027759477864,0.12401277892056177,0.05989880844812308,baseline
clinical_lead2_t_amp_mean,0.0,0.13713037389420932,0.024795230513909163,0.0,0.13584698748070398,0.05955451837776449,clinical
lead1_p75,0.10565383994641132,0.0230588396399041,0.03550118360546442,0.02744074521088312,0.10370207161163562,0.05907133600285972,baseline
clinical_lead8_pathologic_q_ratio,0.0,0.04161698125725783,0.10707314323210831,0.03882754711795752,0.10303181875007746,0.058109898071480225,clinical
lead3_std,0.0,0.24667859185880928,0.042487183711756256,0.0,0.0,0.05783315511411311,baseline
bmi,0.10131719350708811,0.11995154996546237,0.01998505933590106,0.0,0.043789771079047246,0.05700871477749976,baseline
lead9_max_abs_diff,0.0,0.13715377236535112,0.036982893574339086,0.051053464564238454,0.05637669486147318,0.056313365073080365,baseline
lead7_mad,0.0,0.27583535045104696,0.0,0.0,0.0,0.055167070090209394,baseline
lead12_dom_freq,0.0,0.1655683117698366,0.07288227305380632,0.0,0.03526299532793845,0.054742716030316274,baseline
clinical_qrs_duration_mean_ms,0.0,0.053663135930778164,0.19119991116418392,0.0,0.028849419595810222,0.054742493338154466,clinical
clinical_lead3_t_amp_mean,0.0,0.06640795731197022,0.16052831994413316,0.04324713765859659,0.0,0.054036682982939996,clinical
lead5_iqr,0.0,0.20021232448202025,0.02521913850046041,0.0437802301273358,0.0,0.05384233862196329,baseline
lead1_min,0.0,0.0,0.03412234336539723,0.08780372485347787,0.14292855676049568,0.05297092499587416,baseline
lead8_std_diff,0.0,0.09203423819310867,0.057240300421257675,0.0,0.11482741083086068,0.0528203898890454,baseline
lead5_range,0.0,0.13001588517627494,0.04131350255115554,0.03998276714066815,0.04850399411400597,0.051963229796420915,baseline
clinical_rr_std_ms,0.06816037599417674,0.15750428987395027,0.03407605235796105,0.0,0.0,0.05194814364521762,clinical
lead9_max,0.0,0.09339559050193197,0.09447645325030628,0.0,0.0713032588082068,0.05183506051208901,baseline
lead10_p75,0.0,0.1591287611920209,0.06118451814000945,0.0,0.038733918060000726,0.051809439478406216,baseline
lead6_kurt,0.0,0.2059474971505643,0.0,0.0,0.05018672149760995,0.051226843729634854,baseline
lead7_zcr,0.2338948834611822,0.0,0.007073967199859781,0.0,0.012726642996039506,0.0507390987314163,baseline
lead10_max_abs_diff,0.0,0.1564353139676519,0.0,0.0,0.09626691246892444,0.05054044528731527,baseline
lead10_rms,0.0,0.11033028139029648,0.05794405394871293,0.08271411750203252,0.0,0.050197690568208386,baseline
clinical_qtc_bazett_mean_ms,0.0,0.0752318864903705,0.05536256300433776,0.0,0.11734672911106683,0.04958823572115502,clinical
lead11_zcr,0.0,0.0,0.030463532865920302,0.15630292073968768,0.060488434676957345,0.04945097765651306,baseline
lead9_autocorr1,0.0,0.080673035624457,0.1640474630661145,0.0,0.0,0.0489440997381143,baseline
lead6_hf2_energy,0.0,0.047983253482084494,0.0,0.04332444076657539,0.15331073674275897,0.04892368619828377,baseline
lead4_iqr,0.0,0.04199059620989231,0.11791491414624543,0.084078816088113,0.0,0.04879686528885015,baseline
lead12_mad,0.0,0.10517552014840785,0.09424435905088831,0.0,0.04349265776911401,0.048582507393682035,baseline
lead10_kurt,0.0,0.21000519013500007,0.03126604280521795,0.0,0.0,0.0482542465880436,baseline
clinical_r_amp_max,0.0,0.19180004315658936,0.048809322074897916,0.0,0.0,0.048121873046297454,clinical
lead7_p75,0.0,0.0,0.0,0.0,0.23881015378002993,0.047762030756005984,baseline
lead4_mean,0.027052749983716227,0.0,0.06753386116690338,0.0,0.14390741122653092,0.04769880447543011,baseline
lead9_kurt,0.0,0.0,0.0,0.0,0.23847164804617735,0.04769432960923547,baseline
lead11_norm_energy,0.0,0.1316112612196558,0.07075427708900492,0.03583832504335636,0.0,0.04764077267040341,baseline
lead8_mad,0.10737324500616022,0.0,0.07215570006184072,0.0,0.05686115981115427,0.047278020975831045,baseline
lead6_p75,0.0,0.07084915413233574,0.030429443949193103,0.06268148994971894,0.06141283160299188,0.04507458392684793,baseline
lead4_std,0.0,0.0,0.026707961385304194,0.08487308097026065,0.11322659042854649,0.04496152655682227,baseline
lead5_std_diff,0.0,0.15227324005079926,0.0,0.07239437291074922,0.0,0.04493352259230969,baseline
lead5_skew,0.0,0.07628689852679678,0.09678658431231187,0.0514184486859288,0.0,0.04489838630500749,baseline
clinical_rmssd_ms,0.0,0.0,0.04254799517105533,0.033504933939333625,0.14725834970164303,0.0446622557624064,clinical
lead4_cv,0.0,0.057302492166175126,0.06062327545957834,0.04252633356252077,0.060616873347768226,0.04421379490720849,baseline
clinical_r_amp_range,0.0,0.10914042429548368,0.039064014807585,0.019612921031008517,0.052987248187312534,0.044160921664277944,clinical
clinical_lead3_t_inversion_ratio,0.1426395434592963,0.0,0.03189588441852564,0.0459258346591386,0.0,0.04409225250739211,clinical
clinical_lead5_q_width_mean_ms,0.0,0.0,0.1767261396802377,0.04367339106080719,0.0,0.04407990614820898,clinical
lead5_mean_abs_diff,0.0,0.061211350906416606,0.020420077619060888,0.1378017541638581,0.0,0.04388663653786712,baseline
clinical_lead6_qrs_ptp_mean,0.0,0.15760958691324045,0.0,0.0,0.061500616146493894,0.04382204061194687,clinical
lead3_autocorr1,0.0,0.09179061021897693,0.07481516595188414,0.0,0.052032892167874996,0.043727733667747216,baseline
lead4_norm_energy,0.0626120148195618,0.046905397036002695,0.049588828242690335,0.0,0.05593070727508597,0.04300738947466816,baseline
lead2_p25,0.0,0.14012509107610235,0.07227355056747164,0.0,0.0,0.0424797283287148,baseline
lead1_mad,0.0,0.03250938183544551,0.048670903418426115,0.03226587974813361,0.09865947094183368,0.04242112718876778,baseline
lead2_mad,0.0,0.033013478496593474,0.02362728760772129,0.02415005405824445,0.13128310560389722,0.04241478515329129,baseline
lead5_zcr,0.0,0.21060847597030471,0.0,0.0,0.0,0.04212169519406094,baseline
lead2_iqr,0.0,0.035569011726255574,0.04779888277322009,0.06369316160699817,0.06259859631837045,0.04193193048496886,baseline
clinical_r_amp_std,0.05355254016843509,0.0,0.03476939521208672,0.04270280634475093,0.07647771227115546,0.04150049079928564,clinical
lead11_median,0.0,0.0,0.16710719679561012,0.0,0.04014377283350995,0.04145019392582401,baseline
lead6_median,0.0,0.06403590087431336,0.0,0.07355022671611047,0.06249657900042122,0.04001654131816901,baseline
lead8_max,0.0,0.0,0.14194995866414142,0.0,0.05753816422750588,0.03989762457832946,baseline
clinical_qtc_fridericia_mean_ms,0.0,0.05434455785261291,0.04607379659628651,0.09595075248994567,0.0,0.03927382138776902,clinical
corr_aVR_aVL,0.0,0.03221542705565712,0.04941116650705459,0.0,0.11453435234935157,0.039232189182412655,baseline
lead6_dom_freq,0.0,0.07981976415787896,0.09040433922383752,0.0,0.025573856596742897,0.03915959199569188,baseline
lead7_median,0.0,0.05266389141285817,0.03171677234621048,0.06690928720219232,0.04413228353539521,0.039084446899331236,baseline
lead1_zcr,0.08994835730325855,0.10536402112557239,0.0,0.0,0.0,0.039062475685766186,baseline
lead7_iqr,0.0,0.11664539078634045,0.07629822134801947,0.0,0.0,0.03858872242687199,baseline
lead10_cv,0.0,0.09224230591421134,0.0969173808062989,0.0,0.0,0.03783193734410205,baseline
lead12_cv,0.03989315597282573,0.08203847314713285,0.020190333588336593,0.0,0.043943043750303966,0.03721300129171983,baseline
lead6_spec_entropy,0.0,0.18487949900754302,0.0,0.0,0.0,0.0369758998015086,baseline
weight,0.0,0.0,0.18452192782476018,0.0,0.0,0.036904385564952034,baseline
lead6_iqr,0.0,0.05510964320386334,0.0760599163629944,0.0,0.04952672552828791,0.03613925701902913,baseline
lead4_range,0.0,0.018648612854659928,0.11089232753827893,0.05082448523525512,0.0,0.036073085125638796,baseline
lead2_rms,0.0,0.028944946450242474,0.04354201841509182,0.0,0.10598017076961429,0.03569342712698972,baseline
lead9_mean,0.0,0.11794668287461524,0.0,0.0,0.06019661347931352,0.03562865927078575,baseline
lead9_mean_abs_diff,0.0,0.11986090647468824,0.030189386915792718,0.0,0.027592649634169034,0.03552858860493,baseline
lead5_median,0.0,0.0427370707561616,0.09002760954714145,0.0,0.04131623944855754,0.034816183950372115,baseline
lead10_norm_energy,0.0,0.05621806522038394,0.06353898435685136,0.0,0.05190762293177981,0.03433293450180302,baseline
lead5_p25,0.0,0.12079010044221569,0.0,0.049635324736938054,0.0,0.03408508503583075,baseline
clinical_lead10_pathologic_q_ratio,0.0,0.0,0.16865399594769168,0.0,0.0,0.033730799189538335,clinical
lead9_p25,0.0,0.0,0.07998454648847554,0.0,0.08561421463402596,0.033119752224500296,baseline
lead7_std_diff,0.0,0.09001313143750618,0.07131077197229922,0.0,0.0,0.03226478068196108,baseline
lead11_mad,0.0,0.05954100460772297,0.05558897547092753,0.0,0.04438949583501101,0.0319038951827323,baseline
lead3_mad,0.0,0.11584018628382775,0.0,0.0,0.04068201802616745,0.03130444086199904,baseline
lead2_p75,0.0,0.045185452710489654,0.0336658519835037,0.028340333973800428,0.04890426243396824,0.031219180220352406,baseline
lead12_p75,0.0,0.0,0.0,0.05126536750913444,0.10097640770608994,0.030448355043044877,baseline
lead3_energy,0.1086660968908678,0.0,0.04277015422318513,0.0,0.0,0.030287250222810584,baseline
lead11_p25,0.0,0.056423090176212394,0.045342146402369526,0.047097039738531084,0.0,0.0297724552634226,baseline
lead6_energy,0.09710327105404142,0.049451436838963365,0.0,0.0,0.0,0.02931094157860096,baseline
lead7_mean,0.0,0.0756082639330968,0.0,0.06867871130216274,0.0,0.02885739504705191,baseline
lead1_std_diff,0.0,0.03237368048838032,0.0,0.0,0.11145085212668686,0.028764906523013434,baseline
lead1_rms,0.0,0.0946682671564349,0.024867127755505928,0.022694615896951514,0.0,0.028446002161778467,baseline
lead11_autocorr1,0.0,0.0,0.09767378258796955,0.0,0.03852609388105736,0.027239975293805386,baseline
lead2_dom_freq,0.0,0.03970054253552638,0.02999967802427298,0.031524319984531785,0.03293739868138196,0.02683238784514262,baseline
lead3_dom_freq,0.0,0.0,0.0542287105747836,0.06448064152528911,0.014495718171576381,0.02664101405432982,baseline
lead5_dom_freq,0.0,0.04678487968471376,0.030685078366243762,0.0521606253009695,0.0,0.025926116670385402,baseline
lead9_rms,0.05387952627767113,0.0,0.07308406561251726,0.0,0.0,0.025392718378037683,baseline
corr_II_III,0.0,0.0,0.05220791474255276,0.06967399911127044,0.0,0.02437638277076464,baseline
lead5_energy,0.0,0.0,0.06579428848605133,0.05473257355396628,0.0,0.024105372408003523,baseline
lead3_norm_energy,0.0,0.09250854288240569,0.0,0.02431206712884126,0.0,0.02336412200224939,baseline
lead8_norm_energy,0.0,0.0,0.0,0.0,0.11378281246954551,0.022756562493909102,baseline
lead3_mean,0.0,0.0,0.045077607378827364,0.032616602958469465,0.0348914696941877,0.022517136006296908,baseline
lead6_rms,0.0,0.046746091621325564,0.029332089039685795,0.0,0.030210161950700067,0.02125766852234228,baseline
lead3_p25,0.0,0.0,0.032125573435840736,0.07231524451523952,0.0,0.02088816359021605,baseline
lead7_max_abs_diff,0.054868381929178915,0.0,0.0,0.0,0.04913982902510554,0.020801642190856888,baseline
lead6_cv,0.0,0.0,0.03646047880764096,0.0,0.06553984163531204,0.0204000640885906,baseline
lead2_mean,0.0,0.04809742901981926,0.034841938957332695,0.018634366674963643,0.0,0.02031474693042312,baseline
lead1_autocorr1,0.0,0.08931765121042488,0.010217692190108412,0.0,0.0,0.01990706868010666,baseline
lead10_mad,0.0,0.0,0.09871172806746868,0.0,0.0,0.019742345613493736,baseline
lead2_max_abs_diff,0.0,0.09697003145349468,0.0,0.0,0.0,0.019394006290698936,baseline
lead6_max,0.0,0.0,0.0,0.09426265592970237,0.0,0.018852531185940474,baseline
lead1_iqr,0.0,0.0,0.05743532043667172,0.02102949511357886,0.0,0.015692963110050116,baseline
clinical_lead5_qrs_min_mean,0.0,0.0,0.039073242666024466,0.0,0.03776606407001366,0.015367861347207624,clinical
lead12_max_abs_diff,0.0,0.059230988771492056,0.0,0.0,0.017370467019440478,0.015320291158186505,baseline
lead8_rms,0.0,0.0,0.0,0.0,0.07602043245050187,0.015204086490100374,baseline
lead4_dom_freq,0.0,0.04669579207100865,0.0,0.028045934224484793,0.0,0.014948345259098689,baseline
lead6_std_diff,0.0,0.0,0.0,0.07222656662910416,0.0,0.014445313325820833,baseline
lead1_std,0.0,0.07162230871853034,0.0,0.0,0.0,0.014324461743706069,baseline
lead11_p75,0.0,0.0583402296506073,0.0,0.0,0.0,0.01166804593012146,baseline
lead9_range,0.0,0.0,0.05435245459559652,0.0,0.0,0.010870490919119303,baseline
lead10_mean,0.0,0.0,0.051960307088970044,0.0,0.0,0.010392061417794009,baseline
lead2_norm_energy,0.0,0.0,0.014096849758483807,0.0,0.03520095827485585,0.00985956160666793,baseline
global_energy_var,0.0,0.043736941680010605,0.0,0.0,0.0,0.00874738833600212,baseline
clinical_lead10_q_depth_mean,0.0,0.0,0.0435054345561595,0.0,0.0,0.008701086911231901,clinical
lead1_dom_freq,0.0,0.04008275174792973,0.0,0.0,0.0,0.008016550349585946,baseline
lead6_zcr,0.0,0.03828612539900653,0.0,0.0,0.0,0.007657225079801306,baseline
heart_axis_LAD,0.0,0.0,0.03302712802086293,0.0,0.0,0.006605425604172587,baseline
lead3_kurt,0.0,0.029530450081960456,0.0,0.0,0.0,0.005906090016392091,baseline
lead9_mad,0.0,0.0,0.027449782638077846,0.0,0.0,0.005489956527615569,baseline
lead3_zcr,0.0,0.0,0.025574596987803306,0.0,0.0,0.005114919397560661,baseline
lead12_p25,0.0,0.0,0.0,0.021361631774837617,0.0,0.004272326354967523,baseline
lead2_hf_rel,0.0,0.0,0.0,0.0,0.0,0.0,baseline
lead10_lf_energy,0.0,0.0,0.0,0.0,0.0,0.0,baseline
lead2_hf_energy,0.0,0.0,0.0,0.0,0.0,0.0,baseline
lead10_hf_rel,0.0,0.0,0.0,0.0,0.0,0.0,baseline
lead10_hf_energy,0.0,0.0,0.0,0.0,0.0,0.0,baseline
lead3_lf_hf_ratio,0.0,0.0,0.0,0.0,0.0,0.0,baseline
lead3_lf_energy,0.0,0.0,0.0,0.0,0.0,0.0,baseline
lead3_hf_rel,0.0,0.0,0.0,0.0,0.0,0.0,baseline
lead3_hf_energy,0.0,0.0,0.0,0.0,0.0,0.0,baseline
lead9_lf_rel,0.0,0.0,0.0,0.0,0.0,0.0,baseline
lead9_lf_hf_ratio,0.0,0.0,0.0,0.0,0.0,0.0,baseline
lead8_lf_rel,0.0,0.0,0.0,0.0,0.0,0.0,baseline
lead8_lf_hf_ratio,0.0,0.0,0.0,0.0,0.0,0.0,baseline
lead9_lf_energy,0.0,0.0,0.0,0.0,0.0,0.0,baseline
lead1_lf_hf_ratio,0.0,0.0,0.0,0.0,0.0,0.0,baseline
lead1_lf_energy,0.0,0.0,0.0,0.0,0.0,0.0,baseline
lead2_lf_energy,0.0,0.0,0.0,0.0,0.0,0.0,baseline
lead2_lf_rel,0.0,0.0,0.0,0.0,0.0,0.0,baseline
lead2_lf_hf_ratio,0.0,0.0,0.0,0.0,0.0,0.0,baseline
lead9_hf_energy,0.0,0.0,0.0,0.0,0.0,0.0,baseline
lead9_hf_rel,0.0,0.0,0.0,0.0,0.0,0.0,baseline
lead1_hf_energy,0.0,0.0,0.0,0.0,0.0,0.0,baseline
lead1_hf_rel,0.0,0.0,0.0,0.0,0.0,0.0,baseline
lead1_lf_rel,0.0,0.0,0.0,0.0,0.0,0.0,baseline
heart_axis_SAG,0.0,0.0,0.0,0.0,0.0,0.0,baseline
lead4_hf_energy,0.0,0.0,0.0,0.0,0.0,0.0,baseline
clinical_lead11_pathologic_q_ratio,0.0,0.0,0.0,0.0,0.0,0.0,clinical
heart_axis_RAD,0.0,0.0,0.0,0.0,0.0,0.0,baseline
lead4_hf_rel,0.0,0.0,0.0,0.0,0.0,0.0,baseline
heart_axis_MID,0.0,0.0,0.0,0.0,0.0,0.0,baseline
lead10_lf_rel,0.0,0.0,0.0,0.0,0.0,0.0,baseline
lead10_lf_hf_ratio,0.0,0.0,0.0,0.0,0.0,0.0,baseline
lead7_lf_rel,0.0,0.0,0.0,0.0,0.0,0.0,baseline
lead12_lf_energy,0.0,0.0,0.0,0.0,0.0,0.0,baseline
lead7_lf_hf_ratio,0.0,0.0,0.0,0.0,0.0,0.0,baseline
lead7_lf_energy,0.0,0.0,0.0,0.0,0.0,0.0,baseline
lead12_lf_rel,0.0,0.0,0.0,0.0,0.0,0.0,baseline
lead3_lf_rel,0.0,0.0,0.0,0.0,0.0,0.0,baseline
lead7_hf_rel,0.0,0.0,0.0,0.0,0.0,0.0,baseline
lead2_std,0.0,0.0,0.0,0.0,0.0,0.0,baseline
lead7_hf_energy,0.0,0.0,0.0,0.0,0.0,0.0,baseline
lead8_hf_rel,0.0,0.0,0.0,0.0,0.0,0.0,baseline
lead8_lf_energy,0.0,0.0,0.0,0.0,0.0,0.0,baseline
lead8_hf_energy,0.0,0.0,0.0,0.0,0.0,0.0,baseline
lead8_cv,0.0,0.0,0.0,0.0,0.0,0.0,baseline
lead12_hf_rel,0.0,0.0,0.0,0.0,0.0,0.0,baseline
lead12_hf_energy,0.0,0.0,0.0,0.0,0.0,0.0,baseline
lead12_lf_hf_ratio,0.0,0.0,0.0,0.0,0.0,0.0,baseline
lead6_hf_energy,0.0,0.0,0.0,0.0,0.0,0.0,baseline
lead11_lf_energy,0.0,0.0,0.0,0.0,0.0,0.0,baseline
lead11_lf_hf_ratio,0.0,0.0,0.0,0.0,0.0,0.0,baseline
lead11_hf_rel,0.0,0.0,0.0,0.0,0.0,0.0,baseline
lead11_hf_energy,0.0,0.0,0.0,0.0,0.0,0.0,baseline
lead5_hf_energy,0.0,0.0,0.0,0.0,0.0,0.0,baseline
lead6_lf_rel,0.0,0.0,0.0,0.0,0.0,0.0,baseline
lead6_lf_energy,0.0,0.0,0.0,0.0,0.0,0.0,baseline
lead6_lf_hf_ratio,0.0,0.0,0.0,0.0,0.0,0.0,baseline
lead6_hf_rel,0.0,0.0,0.0,0.0,0.0,0.0,baseline
lead5_hf_rel,0.0,0.0,0.0,0.0,0.0,0.0,baseline
lead5_lf_hf_ratio,0.0,0.0,0.0,0.0,0.0,0.0,baseline
lead5_lf_energy,0.0,0.0,0.0,0.0,0.0,0.0,baseline
lead11_lf_rel,0.0,0.0,0.0,0.0,0.0,0.0,baseline
lead4_lf_rel,0.0,0.0,0.0,0.0,0.0,0.0,baseline
lead4_lf_hf_ratio,0.0,0.0,0.0,0.0,0.0,0.0,baseline
lead4_lf_energy,0.0,0.0,0.0,0.0,0.0,0.0,baseline
lead5_lf_rel,0.0,0.0,0.0,0.0,0.0,0.0,baseline
heart_axis_AXR,0.0,0.0,0.0,0.0,0.0,0.0,baseline
heart_axis_AXL,0.0,0.0,0.0,0.0,0.0,0.0,baseline
heart_axis_ARAD,0.0,0.0,0.0,0.0,0.0,0.0,baseline
